{"activation": "relu",
 "hidden_dim": 45,
 "iterations": 100,
 "lr": 0.2975559558171681,
 "n_hidden_layers": 1,
 "regularization": 0.05059536754175111,
 "threads": 2}