{"threads": 2, "iterations": 100, "activation": "relu", "hidden_dim": 35, "lr": 0.2823752850989008, "n_hidden_layers": 3, "regularization": 0.0626412266379187}